{"version":1,"hash":{"type":"Buffer","data":"Rq8sjFQQtEmHWZCQGWlUTKh/LMesflq477KpJMA2rca/qACfkM9H6FhqrMTwlfq2uoqlU5tlQIYKCwT2hNafyGevsvDUHAjAq7J9srq+jKgfpV/3DAHTMfkoobkkWt/uyP8JdgG4v+1Ny1psVcg4muUUAhhuz1nHGCPz3mGX4rE="},"indexValueMap":{"7QeruN1Poj1WrXi+4fSrjMw22xkkqlB2wCOTW0SLKbU=":{"valueMac":{"type":"Buffer","data":"dftidUz4SKKBCHXFoOK30DYTiY/abSlg/id63HRMacY="}},"u6MOtWY/bkBQu/MOTS+c3yu84BQjJO35+sDOFObGbJU=":{"valueMac":{"type":"Buffer","data":"l1V9qityXqBFGl7zDOVRT/F21cjkn1AxJ6SPDliTuGA="}},"lNd0wKuFpVxf6mfeP/iN4MpfpFFNwVzrUtal2OIJYxI=":{"valueMac":{"type":"Buffer","data":"DVLOZWHTRnmvmWehcK754BajxQMcTAhTpfXDwBCah0I="}},"gE4y19+ZpPUHSyNvAEBZtxWvgwEr4FjIYXdtgoCObOk=":{"valueMac":{"type":"Buffer","data":"cJAprgWSEw2+1pAitaFYLVdr+L9PpZ4uxpkEyJ4QyLE="}},"m8yXKzFZsAiEDjSuqfoMHkx/BSPC4l0cGIssIVwiBto=":{"valueMac":{"type":"Buffer","data":"2tg6bVgw8mkyTk0HbJE767YwVSm14/OpQXeq5pp0BDA="}},"xThMSHnvdGd81Ad+KZAa2ZmEf35YBTwuIj3CQ0UQHAU=":{"valueMac":{"type":"Buffer","data":"9MM4xF3VK+uVbY7ETd741rXAldLno9jNrtJiv9uKLF8="}},"6ASikc+XNCUXFdfHhv2+ZIAXAdel7hmVMvz1GaZ29H8=":{"valueMac":{"type":"Buffer","data":"kpDGYY7AT8yRGtdxL88LovZ+8n/+2LCa7gDnjtuEiGg="}},"XzkfhmkWMAXWxiwxRIVCV4S3f2N7d2cRo2oJ3vr0TxA=":{"valueMac":{"type":"Buffer","data":"g8ChL04+XbL53AHc0v5SVJKEj8JouvnOhffBFNJX1z0="}},"wPNzxeFR67M7VLgpfmb8tZ0jZGSpJdugQjeJ2LDTPIY=":{"valueMac":{"type":"Buffer","data":"8N7lK8duuF//IMh//V+D9+D+OgUf3TXlAeqGXq48cR0="}},"kSMlUFAC8mzA1/20DTmW6tbU7n45SYETkhOqI0AYJ/I=":{"valueMac":{"type":"Buffer","data":"zPhP2JEn/CdSHT+lJX6CIX723SyhAiqpX4gzh/jGEZs="}},"RZXdN/3Dkp6LgOE6U8L7dDbKqGDYqdYQD081N9fCHow=":{"valueMac":{"type":"Buffer","data":"O6bPpWIlSbfbnYtlZeQVBgCwehpTmA0hBJNul5lzcME="}},"I++3TwwZkHLDIPqXc1DjvFHFX9cwGuvYi51Zm7Jw8SE=":{"valueMac":{"type":"Buffer","data":"fGjJa7rjev19ih2u/7bmspR8QNZsG9iL6eXO+RIluCc="}},"xfir78gayzPpETjNE6zY+iEMEm7YWVsSD3+Fd2TRGMg=":{"valueMac":{"type":"Buffer","data":"KPSwVHS2FMCOnwetb/kgYxFLmX7Jy9qPZfQ94ARffcg="}},"vSYeE4SATf1PzdwOshXseW+9dwlHxMN7AlHliUcrypQ=":{"valueMac":{"type":"Buffer","data":"zNu3/q3inZx3Lab+7BUGpz99pCOdIl+oykRYg0ov9iM="}},"EG3L7f0EBcQXbtPV2Ox3wZk0OgYjC8sp8khD019cNqk=":{"valueMac":{"type":"Buffer","data":"ORBtokCcwdWii100EO/omV/Daqd8DsoflwVq0cCuqpw="}},"uFI0K/2ILO7Jr3srXaQ5rSfCLjBYBrFTLfgEpFiCsPg=":{"valueMac":{"type":"Buffer","data":"MTlQZExBaU0Q7V8danNd/AoTo9QIv8ZEe4+s4WjA6Ic="}},"OqnAajfT3e7YFjMdhYh/bRiSkQbEkKH72tEcg7i/jFE=":{"valueMac":{"type":"Buffer","data":"8unszkMtAMoZitj9RzXJmTrb/2cAHUKxseQ2LIu7qQs="}},"1Aayh98A1nQgyI6y1sh0/dy2Eq8uZf2cUI7a2JavisU=":{"valueMac":{"type":"Buffer","data":"XmxX8Vwy7sEjerbAI1WhnpDa7g0mFgEst5ybUuvjcAs="}}}}