{"_sessions":{"BQECRSNJQ1riQYHAZAPrDoXOY/vAvk+mTcEm0oMSe88f":{"registrationId":303761110,"currentRatchet":{"ephemeralKeyPair":{"pubKey":"Ben7e3y7iwMIU9QW5Q1YIF9QiNSq6Ay3wI3ppFUJmA50","privKey":"kJX+5V+j2fPcHHENXU3l9ACEKn41vZxbmBLaE7mnBU4="},"lastRemoteEphemeralKey":"BZq/XoFQGvNeY2HTqarMGWaXYQHu0Y8ARpDOZd/7Ed1Y","previousCounter":1,"rootKey":"7IQE5aVcbURoK6ojjQiyInICya4ml7IhSi9SJYv2whc="},"indexInfo":{"baseKey":"BQECRSNJQ1riQYHAZAPrDoXOY/vAvk+mTcEm0oMSe88f","baseKeyType":2,"closed":-1,"used":1717566601125,"created":1717566005236,"remoteIdentityKey":"BQQCkI0iOJtdiR5FNx2rakjCK3I2EumhafsBxn/qkOcm"},"_chains":{"BTpBU0QU8UXksietF1evzQ9A5FA2L21+zKwaTQHryYRf":{"chainKey":{"counter":9},"chainType":2,"messageKeys":{}},"BYjyYn8JAdbTn/5KfQywWXRzhtXS7Vm6AacTRFRoUWo4":{"chainKey":{"counter":1},"chainType":2,"messageKeys":{}},"BZ2+1MdjOQ7KTrKWu/Wr9dKtVMw9rFuhhPzQYNGok1IK":{"chainKey":{"counter":0},"chainType":2,"messageKeys":{}},"Ba75Xa91v6bmiEr5faUyS74YpWTJBrdOmOnvTjgQO5N7":{"chainKey":{"counter":0},"chainType":2,"messageKeys":{}},"BY1o5ah0w5V+9ZP/Y7A9+EQX4X6MWgeJ/yUULhtCCDVG":{"chainKey":{"counter":0},"chainType":2,"messageKeys":{}},"BVCemd8F1ouEAOjY+re8E8AGkQpoQeOgv2d2aAnMa+0K":{"chainKey":{"counter":1},"chainType":2,"messageKeys":{}},"BWsX/+tkeCw8tqmVckakF5+HtZD8UPvwvHx6Xe5oroBr":{"chainKey":{"counter":0},"chainType":2,"messageKeys":{}},"BdqH9mW/9y+8FacPRZkBZzCcIgPQKgKc3G8fp+iCTeof":{"chainKey":{"counter":1},"chainType":2,"messageKeys":{}},"BcNgbnEGRBi7kSnQVXUnyETVRLiqO9JtS6QB6GGLWF9x":{"chainKey":{"counter":1},"chainType":2,"messageKeys":{}},"BZ5+eTM7oYNMpoFEUEsLo2ydG13Yta9ib5iDX2UyqKst":{"chainKey":{"counter":0},"chainType":2,"messageKeys":{}},"BS5UgWTSeJGQlkxP+DA1p3YJEVjstRDxDpv4DOtpgG4w":{"chainKey":{"counter":0},"chainType":2,"messageKeys":{}},"BZms69+/8cMxYVqqzxe5zDBd7+j5yvSh4RfhJlrtfJJW":{"chainKey":{"counter":0},"chainType":2,"messageKeys":{}},"BWJxNSrlXBIaGfHjHlWjKNbj4kkJ5tvIfLCOpJO7WAde":{"chainKey":{"counter":0},"chainType":2,"messageKeys":{}},"BfJ743Sm4w8jUy79Gkr+5OltR7ZFMTVgG9G3zGqOTxAy":{"chainKey":{"counter":0},"chainType":2,"messageKeys":{}},"BSTSc+Ir/8KpolqFTHF1qURkStj20IaNjwzOCGkyU8MN":{"chainKey":{"counter":0},"chainType":2,"messageKeys":{}},"BWuKhsCj7VQJ7hbxNMOuf4C9i2vjd7H1ELEa9KLRfFlK":{"chainKey":{"counter":1},"chainType":2,"messageKeys":{}},"Bcg2HBQRpTJ9xQWsH0ZFy2slVM1cpBN09gcPA0Bbojl9":{"chainKey":{"counter":0},"chainType":2,"messageKeys":{}},"BfKbJvALqCLmDshll621wYB6NVQ8GilLl/+B3k+MdnYQ":{"chainKey":{"counter":0},"chainType":2,"messageKeys":{}},"BX0yw7M2ZZBdMfMyWhGFlk7OmF1/ID/tLyRHi+TsAat+":{"chainKey":{"counter":1},"chainType":2,"messageKeys":{}},"BXJOrfTDbhbjFss5wyTf5Oq1qaGOq89esgiMSAw9i5gb":{"chainKey":{"counter":0},"chainType":2,"messageKeys":{}},"BVgt5j92EJ2Gy/62dAoVuCvXkuWCrWerW4GUH2ig07VU":{"chainKey":{"counter":0},"chainType":2,"messageKeys":{}},"Be32IxLtSIjzSLcZzZ8nXURZjkl2WS4k4jpQIM3GARRo":{"chainKey":{"counter":3},"chainType":2,"messageKeys":{}},"BTFY3eItqfeHFBMI1XPsL8Ou0qOHt5FlHJFvYyv/G1Eu":{"chainKey":{"counter":0},"chainType":2,"messageKeys":{}},"BdllZ4QVweCV/Xunnk6WtSkNf5C7wk2OlmHSqjuGqjAf":{"chainKey":{"counter":0},"chainType":2,"messageKeys":{}},"BVRlL7DK1tu4NrAmAjNp1uB7ErL4OSM4qUAy8PJWbdIj":{"chainKey":{"counter":0},"chainType":2,"messageKeys":{}},"BZq/XoFQGvNeY2HTqarMGWaXYQHu0Y8ARpDOZd/7Ed1Y":{"chainKey":{"counter":2,"key":"nAPI+/pU4e5EvUfaEeFFrBD2N4l196bPXr03R2QUPjc="},"chainType":2,"messageKeys":{}},"Ben7e3y7iwMIU9QW5Q1YIF9QiNSq6Ay3wI3ppFUJmA50":{"chainKey":{"counter":7,"key":"UUmAsMg3R+8aO1ZHLT7GKmR7JNzmHTiV18QemK7C08M="},"chainType":1,"messageKeys":{}}}}},"version":"v1"}