{"_sessions":{"Ba+TOwAi2ROH01RP9TRbXVjde/+YiTyf5kRcCEHR0gVo":{"registrationId":1197965162,"currentRatchet":{"ephemeralKeyPair":{"pubKey":"BWuDyXJ8LDq8xWFBrGfXu7R1p4TQtIdzNlZLV3q8uGFC","privKey":"8M4YgmpC7xIbRIRxvEwskSmVir9SjhJ/xU2URoyywFU="},"lastRemoteEphemeralKey":"BSeo7oMugtfU5MWeod5LGPKzT/Scxn3uFop+aPhYGsta","previousCounter":0,"rootKey":"g2ZEqfR+GvwZOLkzBhSpuGPOSHhCaRTm06TrcbIFDUI="},"indexInfo":{"baseKey":"Ba+TOwAi2ROH01RP9TRbXVjde/+YiTyf5kRcCEHR0gVo","baseKeyType":1,"closed":-1,"used":1717584053406,"created":1717566089458,"remoteIdentityKey":"BcPUY64ey0XwpIRyZelamtSlEWa0ik8G/MM4SYmKh7oI"},"_chains":{"BajpnJop2wLwBTRX+6w3Lh9V7m0i98kw1R8vudpBmswG":{"chainKey":{"counter":0},"chainType":2,"messageKeys":{}},"Be7/IGikDjhFayu20HzYZ+gsaS1IXr/TZRYRQPVEfLBq":{"chainKey":{"counter":0},"chainType":2,"messageKeys":{}},"BVhXQbe3bCt9yB9hyOwMLz3b6bei2vb47FpZfdILbCMw":{"chainKey":{"counter":0},"chainType":2,"messageKeys":{}},"Ba1ZnUNc+9k25xBd/248pIstsmWOv4j6706DEUiryeox":{"chainKey":{"counter":2},"chainType":2,"messageKeys":{}},"BbKzvRb2ENWvKtnvOtwzjAhEan8uFtUO/1zJiNMpxaln":{"chainKey":{"counter":1},"chainType":2,"messageKeys":{}},"BVkPakkAyPtAtT9sCfvVoBNedG8I+duuZI9+qSBHv9Y9":{"chainKey":{"counter":1},"chainType":2,"messageKeys":{}},"BTGr5DcwpBNOGVzmXL9zTkU1JJD479nKCmZPDhUhOVoo":{"chainKey":{"counter":1},"chainType":2,"messageKeys":{}},"BSeo7oMugtfU5MWeod5LGPKzT/Scxn3uFop+aPhYGsta":{"chainKey":{"counter":0,"key":"nD6s1ZmABRb9WYcdj1mh+z6OJ3s20oSEFg+ki+84I9Y="},"chainType":2,"messageKeys":{}},"BWuDyXJ8LDq8xWFBrGfXu7R1p4TQtIdzNlZLV3q8uGFC":{"chainKey":{"counter":-1,"key":"wDF/7/jEVVZlNKNeRvgUiTqkhlPT+gYhMsJhI3440jI="},"chainType":1,"messageKeys":{}}}}},"version":"v1"}