{"noiseKey":{"private":{"type":"Buffer","data":"MCp/XC5jfNRakXNI6OhFRK1a/le//xk+5KPPxjyB0X0="},"public":{"type":"Buffer","data":"jR1/9T1/nuAgOrW7ITkbrzAKB9KiktZRhVhYP6rtj04="}},"pairingEphemeralKeyPair":{"private":{"type":"Buffer","data":"qFcIbY15A1lVQcQsYNaxRu19WlEeb2fCwOfuSGJk8lE="},"public":{"type":"Buffer","data":"d/Ld+Em1SxzajD4bMP8VPq7mifds4vDak2EBNOFmCEw="}},"signedIdentityKey":{"private":{"type":"Buffer","data":"ICAWOeT7zjq3NoSN7s/KcNIqJ9daLQF5M9Zse3nGqHI="},"public":{"type":"Buffer","data":"MBtiaoBKIujlWWGG3MQuMsYXPW5FDK5QT2OZsBOQZHM="}},"signedPreKey":{"keyPair":{"private":{"type":"Buffer","data":"kA5TebGZ5/7nRB2phepyuSRIciDpIjMUzda6o17HaGo="},"public":{"type":"Buffer","data":"dExSZTVJWB6eh4t1MbyyozLrjt73THjFRYbbawo3LGA="}},"signature":{"type":"Buffer","data":"WdNttnKRo5d5WXttht2upk8oQYPijl/tHSWdql7t8jFj28CPXnY/wbLeJCjgCTgWGeHqXEWvYdY5k0+z7h96hQ=="},"keyId":1},"registrationId":94,"advSecretKey":"qJFP/NxEdvntxrHwAZNyEfyHH67V9o2UFJK3uIYiXgk=","processedHistoryMessages":[{"key":{"remoteJid":"6283173338533@s.whatsapp.net","fromMe":true,"id":"2CBB033BA9CE751ED70A1D9F0B7523F2"},"messageTimestamp":1717566005},{"key":{"remoteJid":"6283173338533@s.whatsapp.net","fromMe":true,"id":"EF33533FDB0AA61AD81C0D4F14480997"},"messageTimestamp":1717566005},{"key":{"remoteJid":"6283173338533@s.whatsapp.net","fromMe":true,"id":"E4D6D3BD3B073464C412EF4F6A1857F0"},"messageTimestamp":1717566006},{"key":{"remoteJid":"6283173338533@s.whatsapp.net","fromMe":true,"id":"5EC7408DF66EA00E12CEA4F14BAE92AB"},"messageTimestamp":1717566006},{"key":{"remoteJid":"6283173338533@s.whatsapp.net","fromMe":true,"id":"EB635D53EB62CCB86B52826B1AC843AB"},"messageTimestamp":1717566008}],"nextPreKeyId":37,"firstUnuploadedPreKeyId":37,"accountSyncCounter":1,"accountSettings":{"unarchiveChats":false},"deviceId":"WO3h-TBjSzuJNRPM1BcNfw","phoneId":"fddaefdf-e5c0-43c7-997d-5ac8fab08229","identityId":{"type":"Buffer","data":"6HPvaVhf+k1arS8FCNh+gmddXI0="},"registered":true,"backupToken":{"type":"Buffer","data":"lGRPPQC25HVRr5JolBE6cXVrXcg="},"registration":{},"pairingCode":"VNSEFTBH","me":{"id":"6283173338533:1@s.whatsapp.net","lid":"203968517025990:1@lid","name":"."},"account":{"details":"CNqv2OcEELH0/7IGGAEgACgA","accountSignatureKey":"BAKQjSI4m12JHkU3HatqSMIrcjYS6aFp+wHGf+qQ5yY=","accountSignature":"f0CG3/J7X8yYL0W5mjdnpbh250PapJmsTDv0HupRlplOKRLwQgOwphPJynhQlMU7F8qGnWQKk3oPwrud9jiMDA==","deviceSignature":"MF0nwGOcEC4I2B7aZrMuCpogwUIu/gsvl/51mKcTbZm1g3+gIBltkI0pHN6r91OY8uDIMKjmjLmlJYOQNE9NiA=="},"signalIdentities":[{"identifier":{"name":"6283173338533:1@s.whatsapp.net","deviceId":0},"identifierKey":{"type":"Buffer","data":"BQQCkI0iOJtdiR5FNx2rakjCK3I2EumhafsBxn/qkOcm"}}],"platform":"android","lastAccountSyncTimestamp":1717593289,"myAppStateKeyId":"AAAAAADF","routingInfo":{"type":"Buffer","data":"CA0IAg=="},"lastPropHash":"3H9ELF"}