{"_sessions":{"BRdqvTARe1w66QHUe+pbRFtF4G1WmhnaYJjyrNTWTnA5":{"registrationId":61343483,"currentRatchet":{"ephemeralKeyPair":{"pubKey":"BXdCKN0YhVDcNz++SNNGuSn78QjX1NnnQVhtsV8k4/l8","privKey":"+LNlcyoStPXteUeY2Hzo7uvfM6DyUkUb6KVU53Av7GU="},"lastRemoteEphemeralKey":"Bb62ffHvE7Z1WX6m5NQk+53izAM/aipo2qTeq1Ph8DJ7","previousCounter":0,"rootKey":"/mHAX5wgByhyWmBYe4rplGw+sXBvEeDuHuX7pHoRFKs="},"indexInfo":{"baseKey":"BRdqvTARe1w66QHUe+pbRFtF4G1WmhnaYJjyrNTWTnA5","baseKeyType":1,"closed":-1,"used":1717608703332,"created":1717608703332,"remoteIdentityKey":"Bc/wtIS1D/UDJblZMaQkRPnyH6gep8rJvJqKpxg4NIdd"},"_chains":{"BXdCKN0YhVDcNz++SNNGuSn78QjX1NnnQVhtsV8k4/l8":{"chainKey":{"counter":0,"key":"I6ZXO39mUk9xm8bZQsL8psefllRzn8USEpiBVOyYgXU="},"chainType":1,"messageKeys":{}}},"pendingPreKey":{"signedKeyId":3,"baseKey":"BRdqvTARe1w66QHUe+pbRFtF4G1WmhnaYJjyrNTWTnA5","preKeyId":4801656}}},"version":"v1"}