{"_sessions":{"BTPkO1gERyijXnIn0xCfU9QSgrNrLxocFXNuMvfKzwQG":{"registrationId":1197965162,"currentRatchet":{"ephemeralKeyPair":{"pubKey":"BaFjAiee27JvEGilsJof9DQqvOeZu+spRrdVlvoqub9r","privKey":"uNGtmXfCp9OspyEZzgwga228VTD2fl1KAu4SFhlzbHE="},"lastRemoteEphemeralKey":"BYqJrGMva/gTRk+7N3qAuO6kohl9nKWdlEUfdUVFpadG","previousCounter":0,"rootKey":"nW7Gc7PeqGHEaSbuXLu4Lq5z33QvrUhxsTUKJZkWnpE="},"indexInfo":{"baseKey":"BTPkO1gERyijXnIn0xCfU9QSgrNrLxocFXNuMvfKzwQG","baseKeyType":2,"closed":-1,"used":1717608689409,"created":1717593328658,"remoteIdentityKey":"BcPUY64ey0XwpIRyZelamtSlEWa0ik8G/MM4SYmKh7oI"},"_chains":{"BVpouxA0+N50m64U4LAr/h0oh4pW7AJyqLJsX6gOHUUY":{"chainKey":{"counter":0},"chainType":2,"messageKeys":{}},"BSKHqJlwn8q7lmOoLsKYyO0SngM9ik/U/jTWnhWyL99q":{"chainKey":{"counter":0},"chainType":2,"messageKeys":{}},"BdKI87d2zt5rZmn+zjTVa2nQANf+tq557hMZo+ajGQYS":{"chainKey":{"counter":5},"chainType":2,"messageKeys":{}},"BYE7nDoq3Dz64UxDV6qkgUuRoU3zQ2wjYlAmpCwXR5xk":{"chainKey":{"counter":0},"chainType":2,"messageKeys":{}},"Bfk57xnOxm3CE7S1iLBFCoSccuGT7iPgzyUm5V/cuo0/":{"chainKey":{"counter":0},"chainType":2,"messageKeys":{}},"BZDzNa2pOxPW4MUkRnACVAboSo0KdHvmSpZDgCIyr1I0":{"chainKey":{"counter":0},"chainType":2,"messageKeys":{}},"BebvFG/YgfEBkzBdKpcQtQR0grEqWYsHrMMA6f5r7jQ0":{"chainKey":{"counter":0},"chainType":2,"messageKeys":{}},"BYqJrGMva/gTRk+7N3qAuO6kohl9nKWdlEUfdUVFpadG":{"chainKey":{"counter":0,"key":"RYvp9JfyqpGUEO03Ip6id5qXx7jWSTXu2eExo8tgZMk="},"chainType":2,"messageKeys":{}},"BaFjAiee27JvEGilsJof9DQqvOeZu+spRrdVlvoqub9r":{"chainKey":{"counter":0,"key":"n08B756V6SLkaxOCUVzQy2CgFpDQZbYrScCzlKZm+x4="},"chainType":1,"messageKeys":{}}}}},"version":"v1"}