{"_sessions":{"Baoi4PBZEo3pRBmQSctJ1+IBVE7Xn+L3E97efgJscqw+":{"registrationId":1981615773,"currentRatchet":{"ephemeralKeyPair":{"pubKey":"BZPlV3sgpnb2vC7SpveXbALJuvZhTGKsQiOo/bfTLmFk","privKey":"UNGYJJGwFUSBQAafQ4wHerJAYwqiV0sD1hiF2L8uPHU="},"lastRemoteEphemeralKey":"BTylUnqsnrLyZ//G33bK7LouHvScOmxzFuIQ8mobU9wF","previousCounter":0,"rootKey":"OHzla7WcsJoFQxCDVEmQZ1q3nn6oZbMLF+sLh0crWH0="},"indexInfo":{"baseKey":"Baoi4PBZEo3pRBmQSctJ1+IBVE7Xn+L3E97efgJscqw+","baseKeyType":1,"closed":-1,"used":1717608703328,"created":1717608703328,"remoteIdentityKey":"BcGeIyzYNmNIsZddTQEKwkCCs+mtZeigTX133dy+VR9T"},"_chains":{"BZPlV3sgpnb2vC7SpveXbALJuvZhTGKsQiOo/bfTLmFk":{"chainKey":{"counter":0,"key":"1voECnJ6ze8ewqXwrlHwM8I/SW9mU+3sh/EHsXohSX8="},"chainType":1,"messageKeys":{}}},"pendingPreKey":{"signedKeyId":4,"baseKey":"Baoi4PBZEo3pRBmQSctJ1+IBVE7Xn+L3E97efgJscqw+","preKeyId":12634485}}},"version":"v1"}