{"_sessions":{"BfYIf4lB+4zyhB/1YCu3dHi4TniMif1vUJ/02RJZ5GJf":{"registrationId":303761110,"currentRatchet":{"ephemeralKeyPair":{"pubKey":"BbT7QNEZ+/YYVP7/gMHxz+gCSYBQN0qDDUX8dnTVZeoN","privKey":"wOloZKc7RGUHObkCXzPv9y1wOLunujYmOH4kb3shSVs="},"lastRemoteEphemeralKey":"BakmkUGqfrUN9vfWhV7gVH1KCAzaQx2a+5Ykps0P9cR+","previousCounter":0,"rootKey":"FhOixcDkm4F59H6sjKh37bkTnn9PsPZxwPYXXCsu1n0="},"indexInfo":{"baseKey":"BfYIf4lB+4zyhB/1YCu3dHi4TniMif1vUJ/02RJZ5GJf","baseKeyType":1,"closed":1717593291229,"used":1717593290559,"created":1717593290559,"remoteIdentityKey":"BQQCkI0iOJtdiR5FNx2rakjCK3I2EumhafsBxn/qkOcm"},"_chains":{"BbT7QNEZ+/YYVP7/gMHxz+gCSYBQN0qDDUX8dnTVZeoN":{"chainKey":{"counter":1,"key":"XDwyyXHMhsEOkvHS0BEGXT7X6pKFzYx+lv6p0gQ+ngg="},"chainType":1,"messageKeys":{}}},"pendingPreKey":{"signedKeyId":0,"baseKey":"BfYIf4lB+4zyhB/1YCu3dHi4TniMif1vUJ/02RJZ5GJf","preKeyId":8658147}},"Begl0x8QO+6IhIV0Q5qy1u0ZaywhB0bhAmCQfVvz8sMR":{"registrationId":303761110,"currentRatchet":{"ephemeralKeyPair":{"pubKey":"Bd6Q3xaTdhzhwtBHyrs2EXftP/sT2aXes+3kyE8DZ/0i","privKey":"WK4tHOoOBVtcgzLWHjIpVB1QdqCo8kadNsBV4yEjmXY="},"lastRemoteEphemeralKey":"BYmbt3g/2OS4Z49K2GPrWY/h3nOJ5AorFyk4iciPzcNN","previousCounter":8,"rootKey":"YOhByA/9B0I/M3PBiuHlIIbgLdsGEWcSRufALpBkybc="},"indexInfo":{"baseKey":"Begl0x8QO+6IhIV0Q5qy1u0ZaywhB0bhAmCQfVvz8sMR","baseKeyType":2,"closed":-1,"used":1717594393916,"created":1717593291233,"remoteIdentityKey":"BQQCkI0iOJtdiR5FNx2rakjCK3I2EumhafsBxn/qkOcm"},"_chains":{"BTEmEyESKdvjElZeI450UUN02uTCTtcFJER1lTmHVQc0":{"chainKey":{"counter":1},"chainType":2,"messageKeys":{}},"BYmbt3g/2OS4Z49K2GPrWY/h3nOJ5AorFyk4iciPzcNN":{"chainKey":{"counter":0,"key":"yU5gmDnT58q+azvIn2VnLPuvKZ2MxlMOMX1sqIcIy5g="},"chainType":2,"messageKeys":{}},"Bd6Q3xaTdhzhwtBHyrs2EXftP/sT2aXes+3kyE8DZ/0i":{"chainKey":{"counter":14,"key":"yx8oKw9xzgcTwOKPZwF+DCGm4mn/N+PgiR2uRJfV1/4="},"chainType":1,"messageKeys":{}}}}},"version":"v1"}