{"_sessions":{"Beqym4kaHzCwNYJztz8+6X1OlJjrQhyIET09bShCCrVW":{"registrationId":1783382935,"currentRatchet":{"ephemeralKeyPair":{"pubKey":"BSwRwBYLtWg77u5dO+X8k+I7n/WLRfVys251+HulRqda","privKey":"IH4wKZ2JVJZGH1f1YldadggHvNQEfW3bjwhb0sBq4XA="},"lastRemoteEphemeralKey":"BTzi7+fJnL3WCiGZw3Nisz107Nq979tUnx0Nv3lAYZJH","previousCounter":0,"rootKey":"9EKuRRB/W9M/hwBFxHfmV+t8gthPwHDbhtkf/xbzr2g="},"indexInfo":{"baseKey":"Beqym4kaHzCwNYJztz8+6X1OlJjrQhyIET09bShCCrVW","baseKeyType":1,"closed":-1,"used":1717608703320,"created":1717608703320,"remoteIdentityKey":"BSIVkTxF5JVZX+h6/CJrQySnfQmZD4wJpFLLqg97QXl+"},"_chains":{"BSwRwBYLtWg77u5dO+X8k+I7n/WLRfVys251+HulRqda":{"chainKey":{"counter":0,"key":"IFWOXjZtvncldx27xd8q9uZj0CoVuGeLlfCv9y7ER7E="},"chainType":1,"messageKeys":{}}},"pendingPreKey":{"signedKeyId":0,"baseKey":"Beqym4kaHzCwNYJztz8+6X1OlJjrQhyIET09bShCCrVW","preKeyId":14583655}}},"version":"v1"}