{"_sessions":{"BcSTuCn+8nr6w0p+FpWDdEAueDgSVEVSfUJWI64jRDho":{"registrationId":536739925,"currentRatchet":{"ephemeralKeyPair":{"pubKey":"BbfSjjDRx6VOk3g6JtmDBiVKsEoRjtGK8kAcGuh/T8Fk","privKey":"gIVJqXd7QYp3fBNNQiwzHkMd2PKhZQ1Jk89AYQSYJkk="},"lastRemoteEphemeralKey":"Ba17y1RPlKF3gaDydvYUsm5MzIuW5W9nRIZBi+7Y6C0I","previousCounter":0,"rootKey":"hisS4X2I2wcbuo0vYAnU6LMVZK+z3ol2/hgdy8bVJB8="},"indexInfo":{"baseKey":"BcSTuCn+8nr6w0p+FpWDdEAueDgSVEVSfUJWI64jRDho","baseKeyType":1,"closed":-1,"used":1717608703324,"created":1717608703324,"remoteIdentityKey":"Bella6XOsckTPxskkCHy28UIpol1efRVJiY3ZXXi/Fkt"},"_chains":{"BbfSjjDRx6VOk3g6JtmDBiVKsEoRjtGK8kAcGuh/T8Fk":{"chainKey":{"counter":0,"key":"VRfHdA+fQojXi8zq6R9P+XGJ04MZS4c820GTGXm+HIQ="},"chainType":1,"messageKeys":{}}},"pendingPreKey":{"signedKeyId":5,"baseKey":"BcSTuCn+8nr6w0p+FpWDdEAueDgSVEVSfUJWI64jRDho","preKeyId":13961653}}},"version":"v1"}