{"_sessions":{"BUeXsYJxal7VallfZLyz/4Jtm6JXCFGLuoD9a/a3b7xV":{"registrationId":754146265,"currentRatchet":{"ephemeralKeyPair":{"pubKey":"BfOad9G7KVN7ROV6jEyOOaw0yLxCyvAHhtWXJNm+dHcX","privKey":"QBCEyAcO/CI0WNanBv+RsuMflmRH4nKl0x/HLKN8BGQ="},"lastRemoteEphemeralKey":"BdAIsd76ExhBj+VgL3pzYfhj9OFh6Fc19CJGf2gYYRRB","previousCounter":0,"rootKey":"iOOYPL7FEZGk3CJI7rrs+2VwRnC9G392pzIXo0GO8gY="},"indexInfo":{"baseKey":"BUeXsYJxal7VallfZLyz/4Jtm6JXCFGLuoD9a/a3b7xV","baseKeyType":1,"closed":-1,"used":1717608703340,"created":1717608703340,"remoteIdentityKey":"Bd10g/ANuRuD1J9QiHAvJsVCt+h+UjlF4QqVCKTAC9BM"},"_chains":{"BfOad9G7KVN7ROV6jEyOOaw0yLxCyvAHhtWXJNm+dHcX":{"chainKey":{"counter":0,"key":"bdhZ6mWP7RmbpE/jWEdo4ZGI1ya2MnRw5hA5SYSx0Sg="},"chainType":1,"messageKeys":{}}},"pendingPreKey":{"signedKeyId":2,"baseKey":"BUeXsYJxal7VallfZLyz/4Jtm6JXCFGLuoD9a/a3b7xV","preKeyId":11316322}}},"version":"v1"}