{"_sessions":{"BaqrqQRQApEFFAObiuWsPeENEYQhFNq+96J023YTvIQ6":{"registrationId":1257707316,"currentRatchet":{"ephemeralKeyPair":{"pubKey":"BSTFyl8BFcewDO8V0p/fPNTtZ9jam3Z4vuJEtaYNp+94","privKey":"qIawoRoTlRAtt+8xsXFa0BAWGzidaHwi5qRNPohbd10="},"lastRemoteEphemeralKey":"BXr8uW8cz/LE45gx4Futm5XtKtUfDJI48cHq4EHTjxVn","previousCounter":0,"rootKey":"PbQRAQO15U9FVQN8zRNPe348bwp9vpPYvw/1adPkJtw="},"indexInfo":{"baseKey":"BaqrqQRQApEFFAObiuWsPeENEYQhFNq+96J023YTvIQ6","baseKeyType":1,"closed":-1,"used":1717608703336,"created":1717608703336,"remoteIdentityKey":"BepGlnD8tAyAxBEuUnuqYgWrPEfi1xvxvw1aCziocLoH"},"_chains":{"BSTFyl8BFcewDO8V0p/fPNTtZ9jam3Z4vuJEtaYNp+94":{"chainKey":{"counter":0,"key":"x7shTWwcW5NoRZWBu6jpWe/UzhJf1RcnvHJ6OpU7RPA="},"chainType":1,"messageKeys":{}}},"pendingPreKey":{"signedKeyId":56,"baseKey":"BaqrqQRQApEFFAObiuWsPeENEYQhFNq+96J023YTvIQ6","preKeyId":2114073}}},"version":"v1"}